insert into Customers values (1,'bilal@gmail.com','123',null,null,null,'default.jpg','2024-4-18',0,null);


--Restaurants
INSERT INTO Restaurants VALUES (1, 'jj@gmail.com', 'Jhonny Jujnu', 'jj123', 'Best Burgers in town', 'Lahore', '123456789', 'jj.com', '5PM-2AM', '2024-04-12', 0, null);
INSERT INTO Restaurants VALUES (2, 'foodmac@gmail.com', 'Food Mac', 'foodmac123', 'food with Taste and health', 'Karachi', '234567891', 'foodmac.com', '6PM-1AM', '2022-03-11', 0, null);
INSERT INTO Restaurants VALUES (3, 'tastytreats@gmail.com', 'Tasty Treats', 'tastytreats123', 'Best food in town', 'Islamabad', '987654321', 'tastytreats.com', '3PM-3AM', '2021-06-12', 0, null);
INSERT INTO Restaurants VALUES (4, 'cravecastle@gmail.com', 'Crave Castle', 'cravecastle123', 'Customer is our first priority', 'Faisalabad', '989876543', 'cravecastle.com', '6PM-2AM', '2020-03-10', 0, null);
INSERT INTO Restaurants VALUES (5, 'yummydelights@gmail.com', 'Yummy Delights', 'yummydelights123', 'value comes first', 'Rawalpindi', '123321456', 'yummydelights.com', '5PM-2AM', '2019-09-13', 0, null);





--Menus
INSERT INTO Menus (RestaurantID, ItemName, Category, Description, Price, ImagePNG, ImageJPG, Rating) VALUES (1, 'Artisan Grilled Chicken Sandwich', 'Sandwich', 'fresh sandwich', 227.0, 'sandwich.png', 'sandwich.jpg', 0);
INSERT INTO Menus (RestaurantID, ItemName, Category, Description, Price, ImagePNG, ImageJPG, Rating) VALUES (1, 'Single Bacon Smokehouse Burger', 'Burger', 'cheesy burger', 498.0, 'burger.png', 'burger.jpg', 0);
INSERT INTO Menus (RestaurantID, ItemName, Category, Description, Price, ImagePNG, ImageJPG, Rating) VALUES (1, 'Double Bacon Smokehouse Burger', 'Burger', 'cheesy burger', 61.0, 'burger.png', 'burger.jpg', 0);
INSERT INTO Menus (RestaurantID, ItemName, Category, Description, Price, ImagePNG, ImageJPG, Rating) VALUES (1, 'Grilled Bacon Smokehouse Chicken Sandwich', 'Sandwich', 'fresh sandwich', 294.0, 'sandwich.png', 'sandwich.jpg', 0);
INSERT INTO Menus (RestaurantID, ItemName, Category, Description, Price, ImagePNG, ImageJPG, Rating) VALUES (1, 'Crispy Bacon Smokehouse Chicken Sandwich', 'Sandwich', 'fresh sandwich', 86.0, 'sandwich.png', 'sandwich.jpg', 0);
INSERT INTO Menus (RestaurantID, ItemName, Category, Description, Price, ImagePNG, ImageJPG, Rating) VALUES (1, 'Big Mac', 'other', 'unique other', 399.0, 'default.png', 'default.jpg', 0);
INSERT INTO Menus (RestaurantID, ItemName, Category, Description, Price, ImagePNG, ImageJPG, Rating) VALUES (1, 'Cheeseburger', 'Burger', 'cheesy burger', 413.0, 'burger.png', 'burger.jpg', 0);
INSERT INTO Menus (RestaurantID, ItemName, Category, Description, Price, ImagePNG, ImageJPG, Rating) VALUES (1, 'Classic Chicken Sandwich', 'Sandwich', 'fresh sandwich', 194.0, 'sandwich.png', 'sandwich.jpg', 0);
INSERT INTO Menus (RestaurantID, ItemName, Category, Description, Price, ImagePNG, ImageJPG, Rating) VALUES (1, 'Double Cheeseburger', 'Burger', 'mouthwatering burger', 391.0, 'burger.png', 'burger.jpg', 0);
INSERT INTO Menus (RestaurantID, ItemName, Category, Description, Price, ImagePNG, ImageJPG, Rating) VALUES (1, 'Double Quarter Pounder® with Cheese', 'other', 'unique other', 177.0, 'default.png', 'default.jpg', 0);
INSERT INTO Menus (RestaurantID, ItemName, Category, Description, Price, ImagePNG, ImageJPG, Rating) VALUES (1, 'Filet-O-Fish®', 'other', 'innovative other', 397.0, 'default.png', 'default.jpg', 0);
INSERT INTO Menus (RestaurantID, ItemName, Category, Description, Price, ImagePNG, ImageJPG, Rating) VALUES (1, 'Garlic White Cheddar Burger', 'Burger', 'mouthwatering burger', 287.0, 'burger.png', 'burger.jpg', 0);
INSERT INTO Menus (RestaurantID, ItemName, Category, Description, Price, ImagePNG, ImageJPG, Rating) VALUES (1, 'Grilled Garlic White Cheddar Chicken Sandwich', 'Sandwich', 'fresh sandwich', 227.0, 'sandwich.png', 'sandwich.jpg', 0);
INSERT INTO Menus (RestaurantID, ItemName, Category, Description, Price, ImagePNG, ImageJPG, Rating) VALUES (1, 'Crispy Garlic White Cheddar Chicken Sandwich', 'Sandwich', 'satisfying sandwich', 427.0, 'sandwich.png', 'sandwich.jpg', 0);
INSERT INTO Menus (RestaurantID, ItemName, Category, Description, Price, ImagePNG, ImageJPG, Rating) VALUES (1, 'Hamburger', 'Burger', 'flame-grilled burger', 240.0, 'burger.png', 'burger.jpg', 0);
INSERT INTO Menus (RestaurantID, ItemName, Category, Description, Price, ImagePNG, ImageJPG, Rating) VALUES (1, 'Lobster Roll', 'other', 'delightful other', 233.0, 'default.png', 'default.jpg', 0);
INSERT INTO Menus (RestaurantID, ItemName, Category, Description, Price, ImagePNG, ImageJPG, Rating) VALUES (1, 'Maple Bacon Dijon 1/4 lb Burger', 'Burger', 'juicy burger', 73.0, 'burger.png', 'burger.jpg', 0);
INSERT INTO Menus (RestaurantID, ItemName, Category, Description, Price, ImagePNG, ImageJPG, Rating) VALUES (1, 'Grilled Maple Bacon Dijon Chicken Sandwich', 'Sandwich', 'delicious sandwich', 331.0, 'sandwich.png', 'sandwich.jpg', 0);
INSERT INTO Menus (RestaurantID, ItemName, Category, Description, Price, ImagePNG, ImageJPG, Rating) VALUES (1, 'Crispy Maple Bacon Dijon Chicken Sandwich', 'Sandwich', 'satisfying sandwich', 347.0, 'sandwich.png', 'sandwich.jpg', 0);
INSERT INTO Menus (RestaurantID, ItemName, Category, Description, Price, ImagePNG, ImageJPG, Rating) VALUES (1, 'McChicken', 'other', 'unique other', 258.0, 'default.png', 'default.jpg', 0);
INSERT INTO Menus (RestaurantID, ItemName, Category, Description, Price, ImagePNG, ImageJPG, Rating) VALUES (1, 'McDouble', 'other', 'surprising other', 249.0, 'default.png', 'default.jpg', 0);
INSERT INTO Menus (RestaurantID, ItemName, Category, Description, Price, ImagePNG, ImageJPG, Rating) VALUES (1, 'McRib', 'other', 'exciting other', 179.0, 'default.png', 'default.jpg', 0);
INSERT INTO Menus (RestaurantID, ItemName, Category, Description, Price, ImagePNG, ImageJPG, Rating) VALUES (1, 'Pico Guacamole 1/4 lb Burger', 'Burger', 'juicy burger', 131.0, 'burger.png', 'burger.jpg', 0);
INSERT INTO Menus (RestaurantID, ItemName, Category, Description, Price, ImagePNG, ImageJPG, Rating) VALUES (1, 'Grilled Pico Guacamole Chicken Sandwich', 'Sandwich', 'tasty sandwich', 129.0, 'sandwich.png', 'sandwich.jpg', 0);
INSERT INTO Menus (RestaurantID, ItemName, Category, Description, Price, ImagePNG, ImageJPG, Rating) VALUES (1, 'Crispy Pico Guacamole Chicken Sandwich', 'Sandwich', 'fresh sandwich', 477.0, 'sandwich.png', 'sandwich.jpg', 0);
INSERT INTO Menus (RestaurantID, ItemName, Category, Description, Price, ImagePNG, ImageJPG, Rating) VALUES (1, 'Premium Buttermilk Crispy Chicken Deluxe Sandwich', 'Sandwich', 'delicious sandwich', 342.0, 'sandwich.png', 'sandwich.jpg', 0);
INSERT INTO Menus (RestaurantID, ItemName, Category, Description, Price, ImagePNG, ImageJPG, Rating) VALUES (1, 'Premium Crispy Chicken Deluxe Sandwich', 'Sandwich', 'tasty sandwich', 350.0, 'sandwich.png', 'sandwich.jpg', 0);
INSERT INTO Menus (RestaurantID, ItemName, Category, Description, Price, ImagePNG, ImageJPG, Rating) VALUES (1, 'Quarter Pounder® with Cheese', 'other', 'surprising other', 256.0, 'default.png', 'default.jpg', 0);
INSERT INTO Menus (RestaurantID, ItemName, Category, Description, Price, ImagePNG, ImageJPG, Rating) VALUES (1, 'Signature Sriracha Burger', 'Burger', 'flame-grilled burger', 55.0, 'burger.png', 'burger.jpg', 0);
INSERT INTO Menus (RestaurantID, ItemName, Category, Description, Price, ImagePNG, ImageJPG, Rating) VALUES (1, 'Grilled Signature Sriracha Chicken Sandwich', 'Sandwich', 'fresh sandwich', 425.0, 'sandwich.png', 'sandwich.jpg', 0);
INSERT INTO Menus (RestaurantID, ItemName, Category, Description, Price, ImagePNG, ImageJPG, Rating) VALUES (1, 'Crispy Signature Sriracha Chicken Sandwich', 'Sandwich', 'delicious sandwich', 498.0, 'sandwich.png', 'sandwich.jpg', 0);
INSERT INTO Menus (RestaurantID, ItemName, Category, Description, Price, ImagePNG, ImageJPG, Rating) VALUES (1, 'Sweet BBQ Bacon 1/4 lb Burger', 'Burger', 'mouthwatering burger', 429.0, 'burger.png', 'burger.jpg', 0);
INSERT INTO Menus (RestaurantID, ItemName, Category, Description, Price, ImagePNG, ImageJPG, Rating) VALUES (1, 'Grilled Sweet BBQ Bacon Chicken Sandwich', 'Sandwich', 'satisfying sandwich', 379.0, 'sandwich.png', 'sandwich.jpg', 0);
INSERT INTO Menus (RestaurantID, ItemName, Category, Description, Price, ImagePNG, ImageJPG, Rating) VALUES (1, 'Crispy Sweet BBQ Bacon Chicken Sandwich', 'Sandwich', 'delicious sandwich', 51.0, 'sandwich.png', 'sandwich.jpg', 0);
INSERT INTO Menus (RestaurantID, ItemName, Category, Description, Price, ImagePNG, ImageJPG, Rating) VALUES (1, '3 piece Buttermilk Crispy Chicken Tenders', 'Tenders', 'golden tenders', 80.0, 'default.png', 'default.jpg', 0);
INSERT INTO Menus (RestaurantID, ItemName, Category, Description, Price, ImagePNG, ImageJPG, Rating) VALUES (1, '4 piece Buttermilk Crispy Chicken Tenders', 'Tenders', 'golden tenders', 193.0, 'default.png', 'default.jpg', 0);
INSERT INTO Menus (RestaurantID, ItemName, Category, Description, Price, ImagePNG, ImageJPG, Rating) VALUES (1, '6 piece Buttermilk Crispy Chicken Tenders', 'Tenders', 'tender tenders', 322.0, 'default.png', 'default.jpg', 0);
INSERT INTO Menus (RestaurantID, ItemName, Category, Description, Price, ImagePNG, ImageJPG, Rating) VALUES (1, '10 piece Buttermilk Crispy Chicken Tenders', 'Tenders', 'golden tenders', 184.0, 'default.png', 'default.jpg', 0);
INSERT INTO Menus (RestaurantID, ItemName, Category, Description, Price, ImagePNG, ImageJPG, Rating) VALUES (1, '12 piece Buttermilk Crispy Chicken Tenders', 'Tenders', 'golden tenders', 428.0, 'default.png', 'default.jpg', 0);
INSERT INTO Menus (RestaurantID, ItemName, Category, Description, Price, ImagePNG, ImageJPG, Rating) VALUES (1, '20 piece Buttermilk Crispy Chicken Tenders', 'Tenders', 'satisfying tenders', 110.0, 'default.png', 'default.jpg', 0);
INSERT INTO Menus (RestaurantID, ItemName, Category, Description, Price, ImagePNG, ImageJPG, Rating) VALUES (1, '4 Piece Chicken McNuggets', 'Nuggets', 'irresistible nuggets', 461.0, 'default.png', 'default.jpg', 0);
INSERT INTO Menus (RestaurantID, ItemName, Category, Description, Price, ImagePNG, ImageJPG, Rating) VALUES (1, '6 Piece Chicken McNuggets', 'Nuggets', 'crispy nuggets', 467.0, 'default.png', 'default.jpg', 0);
INSERT INTO Menus (RestaurantID, ItemName, Category, Description, Price, ImagePNG, ImageJPG, Rating) VALUES (1, '10 Piece Chicken McNuggets', 'Nuggets', 'irresistible nuggets', 245.0, 'default.png', 'default.jpg', 0);
INSERT INTO Menus (RestaurantID, ItemName, Category, Description, Price, ImagePNG, ImageJPG, Rating) VALUES (1, '20 Piece Chicken McNuggets', 'Nuggets', 'crispy nuggets', 427.0, 'default.png', 'default.jpg', 0);
INSERT INTO Menus (RestaurantID, ItemName, Category, Description, Price, ImagePNG, ImageJPG, Rating) VALUES (1, '40 piece Chicken McNuggets', 'Nuggets', 'irresistible nuggets', 418.0, 'default.png', 'default.jpg', 0);
INSERT INTO Menus (RestaurantID, ItemName, Category, Description, Price, ImagePNG, ImageJPG, Rating) VALUES (1, '4 piece Sweet N Spicy Honey BBQ Glazed Tenders', 'Tenders', 'tender tenders', 240.0, 'default.png', 'default.jpg', 0);
INSERT INTO Menus (RestaurantID, ItemName, Category, Description, Price, ImagePNG, ImageJPG, Rating) VALUES (1, '6 piece Sweet N Spicy Honey BBQ Glazed Tenders', 'Tenders', 'finger-licking tenders', 200.0, 'default.png', 'default.jpg', 0);
INSERT INTO Menus (RestaurantID, ItemName, Category, Description, Price, ImagePNG, ImageJPG, Rating) VALUES (1, '10 piece Sweet N Spicy Honey BBQ Glazed Tenders', 'Tenders', 'golden tenders', 476.0, 'default.png', 'default.jpg', 0);
INSERT INTO Menus (RestaurantID, ItemName, Category, Description, Price, ImagePNG, ImageJPG, Rating) VALUES (1, 'Premium Asian Salad w/o Chicken', 'other', 'surprising other', 233.0, 'default.png', 'default.jpg', 0);
INSERT INTO Menus (RestaurantID, ItemName, Category, Description, Price, ImagePNG, ImageJPG, Rating) VALUES (1, 'Premium Asian Salad w/ Grilled Chicken', 'other', 'innovative other', 244.0, 'default.png', 'default.jpg', 0);
INSERT INTO Menus (RestaurantID, ItemName, Category, Description, Price, ImagePNG, ImageJPG, Rating) VALUES (1, 'Premium Asian Salad w/ Crispy Chicken', 'other', 'exciting other', 207.0, 'default.png', 'default.jpg', 0);
INSERT INTO Menus (RestaurantID, ItemName, Category, Description, Price, ImagePNG, ImageJPG, Rating) VALUES (1, 'Premium Bacon Ranch Salad w/o Chicken', 'other', 'surprising other', 445.0, 'default.png', 'default.jpg', 0);
INSERT INTO Menus (RestaurantID, ItemName, Category, Description, Price, ImagePNG, ImageJPG, Rating) VALUES (1, 'Premium Bacon Ranch Salad w/ Grilled Chicken', 'other', 'surprising other', 374.0, 'default.png', 'default.jpg', 0);
INSERT INTO Menus (RestaurantID, ItemName, Category, Description, Price, ImagePNG, ImageJPG, Rating) VALUES (1, 'Premium Bacon Ranch Salad w/ Crispy Chicken', 'other', 'exciting other', 102.0, 'default.png', 'default.jpg', 0);
INSERT INTO Menus (RestaurantID, ItemName, Category, Description, Price, ImagePNG, ImageJPG, Rating) VALUES (1, 'Premium Southwest Salad w/o Chicken', 'other', 'exciting other', 329.0, 'default.png', 'default.jpg', 0);
INSERT INTO Menus (RestaurantID, ItemName, Category, Description, Price, ImagePNG, ImageJPG, Rating) VALUES (1, 'Premium Southwest Salad w/ Grilled Chicken', 'other', 'unique other', 324.0, 'default.png', 'default.jpg', 0);
INSERT INTO Menus (RestaurantID, ItemName, Category, Description, Price, ImagePNG, ImageJPG, Rating) VALUES (1, 'Premium Southwest Salad w/ Crispy Chicken', 'other', 'exciting other', 273.0, 'default.png', 'default.jpg', 0);
INSERT INTO Menus (RestaurantID, ItemName, Category, Description, Price, ImagePNG, ImageJPG, Rating) VALUES (2, 'Chargrilled Chicken Club Sandwich', 'Sandwich', 'delicious sandwich', 450.0, 'sandwich.png', 'sandwich.jpg', 0);
INSERT INTO Menus (RestaurantID, ItemName, Category, Description, Price, ImagePNG, ImageJPG, Rating) VALUES (2, 'Chargrilled Chicken Sandwich', 'Sandwich', 'tasty sandwich', 237.0, 'sandwich.png', 'sandwich.jpg', 0);
INSERT INTO Menus (RestaurantID, ItemName, Category, Description, Price, ImagePNG, ImageJPG, Rating) VALUES (2, 'Chick-n-Slider', 'other', 'delightful other', 241.0, 'default.png', 'default.jpg', 0);
INSERT INTO Menus (RestaurantID, ItemName, Category, Description, Price, ImagePNG, ImageJPG, Rating) VALUES (2, '1 Piece Chick-n-Strips', 'other', 'delightful other', 240.0, 'default.png', 'default.jpg', 0);
INSERT INTO Menus (RestaurantID, ItemName, Category, Description, Price, ImagePNG, ImageJPG, Rating) VALUES (2, '2 Piece Chick-n-Strips', 'other', 'delightful other', 192.0, 'default.png', 'default.jpg', 0);
INSERT INTO Menus (RestaurantID, ItemName, Category, Description, Price, ImagePNG, ImageJPG, Rating) VALUES (2, '3 Piece Chick-n-Strips', 'other', 'surprising other', 261.0, 'default.png', 'default.jpg', 0);
INSERT INTO Menus (RestaurantID, ItemName, Category, Description, Price, ImagePNG, ImageJPG, Rating) VALUES (2, '4 piece Chick-n-Strips', 'other', 'delightful other', 55.0, 'default.png', 'default.jpg', 0);
INSERT INTO Menus (RestaurantID, ItemName, Category, Description, Price, ImagePNG, ImageJPG, Rating) VALUES (2, 'Chicken Deluxe', 'other', 'innovative other', 493.0, 'default.png', 'default.jpg', 0);
INSERT INTO Menus (RestaurantID, ItemName, Category, Description, Price, ImagePNG, ImageJPG, Rating) VALUES (2, '4 piece Chicken Nuggets', 'Nuggets', 'dippable nuggets', 283.0, 'default.png', 'default.jpg', 0);
INSERT INTO Menus (RestaurantID, ItemName, Category, Description, Price, ImagePNG, ImageJPG, Rating) VALUES (2, '6 piece Chicken Nuggets', 'Nuggets', 'golden nuggets', 187.0, 'default.png', 'default.jpg', 0);
INSERT INTO Menus (RestaurantID, ItemName, Category, Description, Price, ImagePNG, ImageJPG, Rating) VALUES (2, '8 piece Chicken Nuggets', 'Nuggets', 'irresistible nuggets', 156.0, 'default.png', 'default.jpg', 0);
INSERT INTO Menus (RestaurantID, ItemName, Category, Description, Price, ImagePNG, ImageJPG, Rating) VALUES (2, '12 piece Chicken Nuggets', 'Nuggets', 'crispy nuggets', 230.0, 'default.png', 'default.jpg', 0);
INSERT INTO Menus (RestaurantID, ItemName, Category, Description, Price, ImagePNG, ImageJPG, Rating) VALUES (2, '30 piece Chicken Nuggets', 'Nuggets', 'crispy nuggets', 149.0, 'default.png', 'default.jpg', 0);
INSERT INTO Menus (RestaurantID, ItemName, Category, Description, Price, ImagePNG, ImageJPG, Rating) VALUES (2, 'Chicken Salad Sandwich', 'Sandwich', 'delicious sandwich', 452.0, 'sandwich.png', 'sandwich.jpg', 0);
INSERT INTO Menus (RestaurantID, ItemName, Category, Description, Price, ImagePNG, ImageJPG, Rating) VALUES (2, 'Chicken Sandwich', 'Sandwich', 'fresh sandwich', 350.0, 'sandwich.png', 'sandwich.jpg', 0);
INSERT INTO Menus (RestaurantID, ItemName, Category, Description, Price, ImagePNG, ImageJPG, Rating) VALUES (2, '4 Piece Grilled Chicken Nuggets', 'Nuggets', 'golden nuggets', 427.0, 'default.png', 'default.jpg', 0);
INSERT INTO Menus (RestaurantID, ItemName, Category, Description, Price, ImagePNG, ImageJPG, Rating) VALUES (2, '6 Piece Grilled Chicken Nuggets', 'Nuggets', 'tasty nuggets', 262.0, 'default.png', 'default.jpg', 0);
INSERT INTO Menus (RestaurantID, ItemName, Category, Description, Price, ImagePNG, ImageJPG, Rating) VALUES (2, '8 piece Grilled Chicken Nuggets', 'Nuggets', 'irresistible nuggets', 324.0, 'default.png', 'default.jpg', 0);
INSERT INTO Menus (RestaurantID, ItemName, Category, Description, Price, ImagePNG, ImageJPG, Rating) VALUES (2, '12 Piece Grilled Chicken Nuggets', 'Nuggets', 'crispy nuggets', 86.0, 'default.png', 'default.jpg', 0);
INSERT INTO Menus (RestaurantID, ItemName, Category, Description, Price, ImagePNG, ImageJPG, Rating) VALUES (2, 'Spicy Grilled Chicken Sub Sandwich', 'Sandwich', 'delicious sandwich', 55.0, 'sandwich.png', 'sandwich.jpg', 0);
INSERT INTO Menus (RestaurantID, ItemName, Category, Description, Price, ImagePNG, ImageJPG, Rating) VALUES (2, 'Regular Grilled Chicken Sub Sandwich', 'Sandwich', 'grilled sandwich', 189.0, 'sandwich.png', 'sandwich.jpg', 0);
INSERT INTO Menus (RestaurantID, ItemName, Category, Description, Price, ImagePNG, ImageJPG, Rating) VALUES (2, 'Smokehouse BBQ Bacon Sandwich', 'Sandwich', 'delicious sandwich', 337.0, 'sandwich.png', 'sandwich.jpg', 0);
INSERT INTO Menus (RestaurantID, ItemName, Category, Description, Price, ImagePNG, ImageJPG, Rating) VALUES (2, 'Spicy Chicken Sandwich', 'Sandwich', 'tasty sandwich', 366.0, 'sandwich.png', 'sandwich.jpg', 0);
INSERT INTO Menus (RestaurantID, ItemName, Category, Description, Price, ImagePNG, ImageJPG, Rating) VALUES (2, 'Spicy Deluxe', 'other', 'delightful other', 469.0, 'default.png', 'default.jpg', 0);
INSERT INTO Menus (RestaurantID, ItemName, Category, Description, Price, ImagePNG, ImageJPG, Rating) VALUES (2, 'Chargrilled Chicken Cool Wrap', 'Wrap', 'portable wrap', 250.0, 'wrap.png', 'wrap.jpg', 0);
INSERT INTO Menus (RestaurantID, ItemName, Category, Description, Price, ImagePNG, ImageJPG, Rating) VALUES (2, 'Chicken Enchiladas Meal Kit', 'other', 'surprising other', 237.0, 'default.png', 'default.jpg', 0);
INSERT INTO Menus (RestaurantID, ItemName, Category, Description, Price, ImagePNG, ImageJPG, Rating) VALUES (2, 'Chicken Parmesan Meal Kit', 'other', 'unique other', 340.0, 'default.png', 'default.jpg', 0);
INSERT INTO Menus (RestaurantID, ItemName, Category, Description, Price, ImagePNG, ImageJPG, Rating) VALUES (3, 'Hatch Green Chile Cheeseburger', 'Burger', 'cheesy burger', 316.0, 'burger.png', 'burger.jpg', 0);
INSERT INTO Menus (RestaurantID, ItemName, Category, Description, Price, ImagePNG, ImageJPG, Rating) VALUES (3, 'Jalapeno Burger', 'Burger', 'mouthwatering burger', 370.0, 'burger.png', 'burger.jpg', 0);
INSERT INTO Menus (RestaurantID, ItemName, Category, Description, Price, ImagePNG, ImageJPG, Rating) VALUES (3, 'Jr. Burger', 'Burger', 'hearty burger', 289.0, 'burger.png', 'burger.jpg', 0);
INSERT INTO Menus (RestaurantID, ItemName, Category, Description, Price, ImagePNG, ImageJPG, Rating) VALUES (3, 'Jr. Chili Cheeseburger', 'Burger', 'flame-grilled burger', 189.0, 'burger.png', 'burger.jpg', 0);
INSERT INTO Menus (RestaurantID, ItemName, Category, Description, Price, ImagePNG, ImageJPG, Rating) VALUES (3, 'Jr. Deluxe Burger', 'Burger', 'hearty burger', 454.0, 'burger.png', 'burger.jpg', 0);
INSERT INTO Menus (RestaurantID, ItemName, Category, Description, Price, ImagePNG, ImageJPG, Rating) VALUES (3, 'Jr. Deluxe Cheeseburger', 'Burger', 'juicy burger', 306.0, 'burger.png', 'burger.jpg', 0);
INSERT INTO Menus (RestaurantID, ItemName, Category, Description, Price, ImagePNG, ImageJPG, Rating) VALUES (3, 'Jr. Double Cheeseburger', 'Burger', 'hearty burger', 268.0, 'burger.png', 'burger.jpg', 0);
INSERT INTO Menus (RestaurantID, ItemName, Category, Description, Price, ImagePNG, ImageJPG, Rating) VALUES (3, 'Sonic Bacon Cheeseburger (w/mayo)', 'Burger', 'juicy burger', 95.0, 'burger.png', 'burger.jpg', 0);
INSERT INTO Menus (RestaurantID, ItemName, Category, Description, Price, ImagePNG, ImageJPG, Rating) VALUES (3, 'Sonic Burger W/ Mustard', 'Burger', 'mouthwatering burger', 256.0, 'burger.png', 'burger.jpg', 0);
INSERT INTO Menus (RestaurantID, ItemName, Category, Description, Price, ImagePNG, ImageJPG, Rating) VALUES (3, 'Sonic Burger W/ Ketchup', 'Burger', 'cheesy burger', 341.0, 'burger.png', 'burger.jpg', 0);
INSERT INTO Menus (RestaurantID, ItemName, Category, Description, Price, ImagePNG, ImageJPG, Rating) VALUES (3, 'Sonic Burger W/ Mayonnaise', 'Burger', 'hearty burger', 241.0, 'burger.png', 'burger.jpg', 0);
INSERT INTO Menus (RestaurantID, ItemName, Category, Description, Price, ImagePNG, ImageJPG, Rating) VALUES (3, 'Sonic Cheeseburger W/ Mustard', 'Burger', 'juicy burger', 285.0, 'burger.png', 'burger.jpg', 0);
INSERT INTO Menus (RestaurantID, ItemName, Category, Description, Price, ImagePNG, ImageJPG, Rating) VALUES (3, 'Sonic Cheeseburger W/ Ketchup', 'Burger', 'hearty burger', 216.0, 'burger.png', 'burger.jpg', 0);
INSERT INTO Menus (RestaurantID, ItemName, Category, Description, Price, ImagePNG, ImageJPG, Rating) VALUES (3, 'Sonic Cheeseburger W/ Mayonnaise', 'Burger', 'mouthwatering burger', 207.0, 'burger.png', 'burger.jpg', 0);
INSERT INTO Menus (RestaurantID, ItemName, Category, Description, Price, ImagePNG, ImageJPG, Rating) VALUES (3, 'Super Sonic Bacon Double Cheeseburger (w/mayo)', 'Burger', 'hearty burger', 101.0, 'burger.png', 'burger.jpg', 0);
INSERT INTO Menus (RestaurantID, ItemName, Category, Description, Price, ImagePNG, ImageJPG, Rating) VALUES (3, 'Super Sonic Double Cheeseburger W/ Mustard', 'Burger', 'hearty burger', 216.0, 'burger.png', 'burger.jpg', 0);
INSERT INTO Menus (RestaurantID, ItemName, Category, Description, Price, ImagePNG, ImageJPG, Rating) VALUES (3, 'Super Sonic Double Cheeseburger W/ Ketchup', 'Burger', 'mouthwatering burger', 144.0, 'burger.png', 'burger.jpg', 0);
INSERT INTO Menus (RestaurantID, ItemName, Category, Description, Price, ImagePNG, ImageJPG, Rating) VALUES (3, 'Super Sonic Double Cheeseburger W/ Mayo', 'Burger', 'mouthwatering burger', 461.0, 'burger.png', 'burger.jpg', 0);
INSERT INTO Menus (RestaurantID, ItemName, Category, Description, Price, ImagePNG, ImageJPG, Rating) VALUES (3, 'Super Sonic Jalapeno Double Cheeseburger', 'Burger', 'juicy burger', 278.0, 'burger.png', 'burger.jpg', 0);
INSERT INTO Menus (RestaurantID, ItemName, Category, Description, Price, ImagePNG, ImageJPG, Rating) VALUES (3, 'Veggie Burger W/ Ketchup', 'Burger', 'hearty burger', 358.0, 'burger.png', 'burger.jpg', 0);
INSERT INTO Menus (RestaurantID, ItemName, Category, Description, Price, ImagePNG, ImageJPG, Rating) VALUES (3, 'Veggie Burger With Mustard', 'Burger', 'juicy burger', 58.0, 'burger.png', 'burger.jpg', 0);
INSERT INTO Menus (RestaurantID, ItemName, Category, Description, Price, ImagePNG, ImageJPG, Rating) VALUES (3, 'Veggie Burger W/ Mustard', 'Burger', 'juicy burger', 209.0, 'burger.png', 'burger.jpg', 0);
INSERT INTO Menus (RestaurantID, ItemName, Category, Description, Price, ImagePNG, ImageJPG, Rating) VALUES (3, 'Grilled Asiago Caesar Chicken Club Sandwich', 'Sandwich', 'delicious sandwich', 113.0, 'sandwich.png', 'sandwich.jpg', 0);
INSERT INTO Menus (RestaurantID, ItemName, Category, Description, Price, ImagePNG, ImageJPG, Rating) VALUES (3, 'Crispy Asiago Caesar Chicken Club Sandwich', 'Sandwich', 'delicious sandwich', 479.0, 'sandwich.png', 'sandwich.jpg', 0);
INSERT INTO Menus (RestaurantID, ItemName, Category, Description, Price, ImagePNG, ImageJPG, Rating) VALUES (3, 'Grilled Chicken Sandwich', 'Sandwich', 'delicious sandwich', 201.0, 'sandwich.png', 'sandwich.jpg', 0);
INSERT INTO Menus (RestaurantID, ItemName, Category, Description, Price, ImagePNG, ImageJPG, Rating) VALUES (3, 'Crispy Chicken Sandwich', 'Sandwich', 'grilled sandwich', 213.0, 'sandwich.png', 'sandwich.jpg', 0);
INSERT INTO Menus (RestaurantID, ItemName, Category, Description, Price, ImagePNG, ImageJPG, Rating) VALUES (3, 'Chicken Strip Sandwich', 'Sandwich', 'delicious sandwich', 61.0, 'sandwich.png', 'sandwich.jpg', 0);
INSERT INTO Menus (RestaurantID, ItemName, Category, Description, Price, ImagePNG, ImageJPG, Rating) VALUES (3, '3 Piece Crispy Chicken Tender Dinner', 'other', 'surprising other', 426.0, 'default.png', 'default.jpg', 0);
INSERT INTO Menus (RestaurantID, ItemName, Category, Description, Price, ImagePNG, ImageJPG, Rating) VALUES (3, '5 Piece Crispy Chicken Tender Dinner', 'other', 'innovative other', 297.0, 'default.png', 'default.jpg', 0);
INSERT INTO Menus (RestaurantID, ItemName, Category, Description, Price, ImagePNG, ImageJPG, Rating) VALUES (3, 'Deluxe Ultimate Chicken Sandwich', 'Sandwich', 'tasty sandwich', 460.0, 'sandwich.png', 'sandwich.jpg', 0);
INSERT INTO Menus (RestaurantID, ItemName, Category, Description, Price, ImagePNG, ImageJPG, Rating) VALUES (3, 'Buffalo Dunked Ultimate Chicken Sandwich', 'Sandwich', 'grilled sandwich', 139.0, 'sandwich.png', 'sandwich.jpg', 0);
INSERT INTO Menus (RestaurantID, ItemName, Category, Description, Price, ImagePNG, ImageJPG, Rating) VALUES (3, 'Garlic Parmesan Dunked Ultimate Chicken Sandwich', 'Sandwich', 'fresh sandwich', 441.0, 'sandwich.png', 'sandwich.jpg', 0);
INSERT INTO Menus (RestaurantID, ItemName, Category, Description, Price, ImagePNG, ImageJPG, Rating) VALUES (3, 'Small Jumbo Popcorn Chicken', 'other', 'unique other', 255.0, 'default.png', 'default.jpg', 0);
INSERT INTO Menus (RestaurantID, ItemName, Category, Description, Price, ImagePNG, ImageJPG, Rating) VALUES (3, 'Large Jumbo Popcorn Chicken', 'other', 'innovative other', 214.0, 'default.png', 'default.jpg', 0);
INSERT INTO Menus (RestaurantID, ItemName, Category, Description, Price, ImagePNG, ImageJPG, Rating) VALUES (3, 'Small Spicy Jumbo Popcorn Chicken', 'other', 'delightful other', 184.0, 'default.png', 'default.jpg', 0);
INSERT INTO Menus (RestaurantID, ItemName, Category, Description, Price, ImagePNG, ImageJPG, Rating) VALUES (3, 'Large Spicy Jumbo Popcorn Chicken', 'other', 'unique other', 454.0, 'default.png', 'default.jpg', 0);
INSERT INTO Menus (RestaurantID, ItemName, Category, Description, Price, ImagePNG, ImageJPG, Rating) VALUES (3, '3 Piece Super Crunch Chicken Strip Dinner', 'other', 'delightful other', 354.0, 'default.png', 'default.jpg', 0);
INSERT INTO Menus (RestaurantID, ItemName, Category, Description, Price, ImagePNG, ImageJPG, Rating) VALUES (3, '4 Piece Super Crunch Chicken Strip Dinner', 'other', 'exciting other', 244.0, 'default.png', 'default.jpg', 0);
INSERT INTO Menus (RestaurantID, ItemName, Category, Description, Price, ImagePNG, ImageJPG, Rating) VALUES (3, '5 Piece Super Crunch Chicken Strip Dinner', 'other', 'unique other', 373.0, 'default.png', 'default.jpg', 0);
INSERT INTO Menus (RestaurantID, ItemName, Category, Description, Price, ImagePNG, ImageJPG, Rating) VALUES (3, '3 Piece Super Crunch Chicken Strips', 'other', 'delightful other', 170.0, 'default.png', 'default.jpg', 0);
INSERT INTO Menus (RestaurantID, ItemName, Category, Description, Price, ImagePNG, ImageJPG, Rating) VALUES (3, '4 Piece Super Crunch Chicken Strips', 'other', 'innovative other', 457.0, 'default.png', 'default.jpg', 0);
INSERT INTO Menus (RestaurantID, ItemName, Category, Description, Price, ImagePNG, ImageJPG, Rating) VALUES (3, '5 Piece Super Crunch Chicken Strips', 'other', 'delightful other', 414.0, 'default.png', 'default.jpg', 0);
INSERT INTO Menus (RestaurantID, ItemName, Category, Description, Price, ImagePNG, ImageJPG, Rating) VALUES (3, 'Traditional Ultimate Chicken Sandwich', 'Sandwich', 'tasty sandwich', 282.0, 'sandwich.png', 'sandwich.jpg', 0);
INSERT INTO Menus (RestaurantID, ItemName, Category, Description, Price, ImagePNG, ImageJPG, Rating) VALUES (3, 'Ultimate Chicken Club', 'other', 'innovative other', 318.0, 'default.png', 'default.jpg', 0);
INSERT INTO Menus (RestaurantID, ItemName, Category, Description, Price, ImagePNG, ImageJPG, Rating) VALUES (3, 'All Beef All-american Style Dog – 6"', 'other', 'surprising other', 413.0, 'default.png', 'default.jpg', 0);
INSERT INTO Menus (RestaurantID, ItemName, Category, Description, Price, ImagePNG, ImageJPG, Rating) VALUES (3, 'All Beef Chicago Dog – 6"', 'other', 'exciting other', 187.0, 'default.png', 'default.jpg', 0);
INSERT INTO Menus (RestaurantID, ItemName, Category, Description, Price, ImagePNG, ImageJPG, Rating) VALUES (3, 'All Beef Chili Cheese Coney – 6"', 'other', 'exciting other', 324.0, 'default.png', 'default.jpg', 0);
INSERT INTO Menus (RestaurantID, ItemName, Category, Description, Price, ImagePNG, ImageJPG, Rating) VALUES (3, 'All Beef New York Dog – 6"', 'other', 'innovative other', 97.0, 'default.png', 'default.jpg', 0);
INSERT INTO Menus (RestaurantID, ItemName, Category, Description, Price, ImagePNG, ImageJPG, Rating) VALUES (3, 'All Beef Regular Hot Dog – 6"', 'Hot Dog', 'flavorful hot dog', 474.0, 'hot dog.png', 'hot dog.jpg', 0);
INSERT INTO Menus (RestaurantID, ItemName, Category, Description, Price, ImagePNG, ImageJPG, Rating) VALUES (3, 'Cheesy Bacon Pretzel Dog - 6 In.', 'other', 'exciting other', 377.0, 'default.png', 'default.jpg', 0);
INSERT INTO Menus (RestaurantID, ItemName, Category, Description, Price, ImagePNG, ImageJPG, Rating) VALUES (3, 'Corn Dog', 'other', 'unique other', 198.0, 'default.png', 'default.jpg', 0);
INSERT INTO Menus (RestaurantID, ItemName, Category, Description, Price, ImagePNG, ImageJPG, Rating) VALUES (3, 'Footlong Quarter Pound Coney', 'other', 'delightful other', 382.0, 'default.png', 'default.jpg', 0);
INSERT INTO Menus (RestaurantID, ItemName, Category, Description, Price, ImagePNG, ImageJPG, Rating) VALUES (3, 'The Original Pretzel Dog', 'other', 'surprising other', 297.0, 'default.png', 'default.jpg', 0);
INSERT INTO Menus (RestaurantID, ItemName, Category, Description, Price, ImagePNG, ImageJPG, Rating) VALUES (3, 'Arby s Melt', 'other', 'surprising other', 268.0, 'default.png', 'default.jpg', 0);
INSERT INTO Menus (RestaurantID, ItemName, Category, Description, Price, ImagePNG, ImageJPG, Rating) VALUES (4, 'Arby-Q Sandwich', 'Sandwich', 'fresh sandwich', 71.0, 'sandwich.png', 'sandwich.jpg', 0);
INSERT INTO Menus (RestaurantID, ItemName, Category, Description, Price, ImagePNG, ImageJPG, Rating) VALUES (4, 'Beef n Cheddar Classic', 'other', 'unique other', 272.0, 'default.png', 'default.jpg', 0);
INSERT INTO Menus (RestaurantID, ItemName, Category, Description, Price, ImagePNG, ImageJPG, Rating) VALUES (4, 'Beef n Cheddar Mid', 'other', 'exciting other', 334.0, 'default.png', 'default.jpg', 0);
INSERT INTO Menus (RestaurantID, ItemName, Category, Description, Price, ImagePNG, ImageJPG, Rating) VALUES (4, 'Bourbon BBQ Brisket Sandwich', 'Sandwich', 'grilled sandwich', 86.0, 'sandwich.png', 'sandwich.jpg', 0);
INSERT INTO Menus (RestaurantID, ItemName, Category, Description, Price, ImagePNG, ImageJPG, Rating) VALUES (4, 'Bourbon BBQ Chicken Sandwich', 'Sandwich', 'delicious sandwich', 446.0, 'sandwich.png', 'sandwich.jpg', 0);
INSERT INTO Menus (RestaurantID, ItemName, Category, Description, Price, ImagePNG, ImageJPG, Rating) VALUES (4, 'Bourbon BBQ Steak Sandwich', 'Sandwich', 'grilled sandwich', 396.0, 'sandwich.png', 'sandwich.jpg', 0);
INSERT INTO Menus (RestaurantID, ItemName, Category, Description, Price, ImagePNG, ImageJPG, Rating) VALUES (4, 'Buttermilk Buffalo Chicken Sandwich', 'Sandwich', 'fresh sandwich', 186.0, 'sandwich.png', 'sandwich.jpg', 0);
INSERT INTO Menus (RestaurantID, ItemName, Category, Description, Price, ImagePNG, ImageJPG, Rating) VALUES (4, 'Buttermilk Chicken Bacon & Swiss', 'other', 'delightful other', 297.0, 'default.png', 'default.jpg', 0);
INSERT INTO Menus (RestaurantID, ItemName, Category, Description, Price, ImagePNG, ImageJPG, Rating) VALUES (4, 'Buttermilk Chicken Cordon Bleu Sandwich', 'Sandwich', 'delicious sandwich', 292.0, 'sandwich.png', 'sandwich.jpg', 0);
INSERT INTO Menus (RestaurantID, ItemName, Category, Description, Price, ImagePNG, ImageJPG, Rating) VALUES (4, 'Buttermilk Crispy Chicken Sandwich', 'Sandwich', 'fresh sandwich', 426.0, 'sandwich.png', 'sandwich.jpg', 0);
INSERT INTO Menus (RestaurantID, ItemName, Category, Description, Price, ImagePNG, ImageJPG, Rating) VALUES (4, 'Classic French Dip & Swiss/Au Jus', 'other', 'exciting other', 118.0, 'default.png', 'default.jpg', 0);
INSERT INTO Menus (RestaurantID, ItemName, Category, Description, Price, ImagePNG, ImageJPG, Rating) VALUES (4, 'Classic Roast Beef', 'other', 'delightful other', 253.0, 'default.png', 'default.jpg', 0);
INSERT INTO Menus (RestaurantID, ItemName, Category, Description, Price, ImagePNG, ImageJPG, Rating) VALUES (4, 'Double Roast Beef', 'other', 'exciting other', 154.0, 'default.png', 'default.jpg', 0);
INSERT INTO Menus (RestaurantID, ItemName, Category, Description, Price, ImagePNG, ImageJPG, Rating) VALUES (4, 'Fire-Roasted Philly Steak', 'Steak', 'grilled steak', 271.0, 'steak.png', 'steak.jpg', 0);
INSERT INTO Menus (RestaurantID, ItemName, Category, Description, Price, ImagePNG, ImageJPG, Rating) VALUES (4, 'Grand Turkey Club', 'other', 'delightful other', 357.0, 'default.png', 'default.jpg', 0);
INSERT INTO Menus (RestaurantID, ItemName, Category, Description, Price, ImagePNG, ImageJPG, Rating) VALUES (4, 'Greek Gyro', 'other', 'surprising other', 492.0, 'default.png', 'default.jpg', 0);
INSERT INTO Menus (RestaurantID, ItemName, Category, Description, Price, ImagePNG, ImageJPG, Rating) VALUES (4, 'Half Pound Beef n Cheddar Sandwich', 'Sandwich', 'grilled sandwich', 192.0, 'sandwich.png', 'sandwich.jpg', 0);
INSERT INTO Menus (RestaurantID, ItemName, Category, Description, Price, ImagePNG, ImageJPG, Rating) VALUES (4, 'Half Pound French Dip & Swiss', 'other', 'innovative other', 437.0, 'default.png', 'default.jpg', 0);
INSERT INTO Menus (RestaurantID, ItemName, Category, Description, Price, ImagePNG, ImageJPG, Rating) VALUES (4, 'Half Pound Roast Beef Sandwich', 'Sandwich', 'grilled sandwich', 133.0, 'sandwich.png', 'sandwich.jpg', 0);
INSERT INTO Menus (RestaurantID, ItemName, Category, Description, Price, ImagePNG, ImageJPG, Rating) VALUES (4, 'Ham & Swiss Melt', 'other', 'innovative other', 260.0, 'default.png', 'default.jpg', 0);
INSERT INTO Menus (RestaurantID, ItemName, Category, Description, Price, ImagePNG, ImageJPG, Rating) VALUES (4, 'Loaded Italian Sandwich', 'Sandwich', 'delicious sandwich', 391.0, 'sandwich.png', 'sandwich.jpg', 0);
INSERT INTO Menus (RestaurantID, ItemName, Category, Description, Price, ImagePNG, ImageJPG, Rating) VALUES (4, 'Pecan Chicken Salad Flatbread', 'other', 'exciting other', 234.0, 'default.png', 'default.jpg', 0);
INSERT INTO Menus (RestaurantID, ItemName, Category, Description, Price, ImagePNG, ImageJPG, Rating) VALUES (4, 'Pecan Chicken Salad Sandwich', 'Sandwich', 'grilled sandwich', 396.0, 'sandwich.png', 'sandwich.jpg', 0);
INSERT INTO Menus (RestaurantID, ItemName, Category, Description, Price, ImagePNG, ImageJPG, Rating) VALUES (4, '2 piece Prime-Cut Chicken Tenders', 'Tenders', 'golden tenders', 472.0, 'default.png', 'default.jpg', 0);
INSERT INTO Menus (RestaurantID, ItemName, Category, Description, Price, ImagePNG, ImageJPG, Rating) VALUES (4, '3 piece Prime-Cut Chicken Tenders', 'Tenders', 'crispy tenders', 484.0, 'default.png', 'default.jpg', 0);
INSERT INTO Menus (RestaurantID, ItemName, Category, Description, Price, ImagePNG, ImageJPG, Rating) VALUES (4, '5 piece Prime-Cut Chicken Tenders', 'Tenders', 'tender tenders', 221.0, 'default.png', 'default.jpg', 0);
INSERT INTO Menus (RestaurantID, ItemName, Category, Description, Price, ImagePNG, ImageJPG, Rating) VALUES (4, 'Reuben Sandwich', 'Sandwich', 'grilled sandwich', 355.0, 'sandwich.png', 'sandwich.jpg', 0);
INSERT INTO Menus (RestaurantID, ItemName, Category, Description, Price, ImagePNG, ImageJPG, Rating) VALUES (4, 'Roast Beef Gyro', 'other', 'delightful other', 473.0, 'default.png', 'default.jpg', 0);
INSERT INTO Menus (RestaurantID, ItemName, Category, Description, Price, ImagePNG, ImageJPG, Rating) VALUES (4, 'Roast Turkey & Swiss Sandwich', 'Sandwich', 'fresh sandwich', 438.0, 'sandwich.png', 'sandwich.jpg', 0);
INSERT INTO Menus (RestaurantID, ItemName, Category, Description, Price, ImagePNG, ImageJPG, Rating) VALUES (4, 'Roast Turkey & Swiss Wrap', 'Wrap', 'portable wrap', 90.0, 'wrap.png', 'wrap.jpg', 0);
INSERT INTO Menus (RestaurantID, ItemName, Category, Description, Price, ImagePNG, ImageJPG, Rating) VALUES (4, 'Roast Turkey, Ranch & Bacon Sandwich', 'Sandwich', 'grilled sandwich', 385.0, 'sandwich.png', 'sandwich.jpg', 0);
INSERT INTO Menus (RestaurantID, ItemName, Category, Description, Price, ImagePNG, ImageJPG, Rating) VALUES (4, 'Roast Turkey, Ranch & Bacon Wrap', 'Wrap', 'packed wrap', 476.0, 'wrap.png', 'wrap.jpg', 0);
INSERT INTO Menus (RestaurantID, ItemName, Category, Description, Price, ImagePNG, ImageJPG, Rating) VALUES (4, 'Smoke Mountain w/ Beef Short Rib', 'other', 'exciting other', 186.0, 'default.png', 'default.jpg', 0);
INSERT INTO Menus (RestaurantID, ItemName, Category, Description, Price, ImagePNG, ImageJPG, Rating) VALUES (4, 'Smokehouse Beef Short Rib Sandwich', 'Sandwich', 'tasty sandwich', 226.0, 'sandwich.png', 'sandwich.jpg', 0);
INSERT INTO Menus (RestaurantID, ItemName, Category, Description, Price, ImagePNG, ImageJPG, Rating) VALUES (4, 'Smokehouse Brisket', 'other', 'innovative other', 199.0, 'default.png', 'default.jpg', 0);
INSERT INTO Menus (RestaurantID, ItemName, Category, Description, Price, ImagePNG, ImageJPG, Rating) VALUES (4, 'Super Roast Beef', 'other', 'innovative other', 111.0, 'default.png', 'default.jpg', 0);
INSERT INTO Menus (RestaurantID, ItemName, Category, Description, Price, ImagePNG, ImageJPG, Rating) VALUES (4, 'Three Cheese Steak Sandwich', 'Sandwich', 'delicious sandwich', 320.0, 'sandwich.png', 'sandwich.jpg', 0);
INSERT INTO Menus (RestaurantID, ItemName, Category, Description, Price, ImagePNG, ImageJPG, Rating) VALUES (4, 'Triple Decker Sandwich', 'Sandwich', 'tasty sandwich', 180.0, 'sandwich.png', 'sandwich.jpg', 0);
INSERT INTO Menus (RestaurantID, ItemName, Category, Description, Price, ImagePNG, ImageJPG, Rating) VALUES (4, 'Turkey Avocado Club', 'other', 'unique other', 290.0, 'default.png', 'default.jpg', 0);
INSERT INTO Menus (RestaurantID, ItemName, Category, Description, Price, ImagePNG, ImageJPG, Rating) VALUES (4, 'Turkey Gyro', 'other', 'delightful other', 136.0, 'default.png', 'default.jpg', 0);
INSERT INTO Menus (RestaurantID, ItemName, Category, Description, Price, ImagePNG, ImageJPG, Rating) VALUES (4, 'Ultimate BLT', 'other', 'delightful other', 66.0, 'default.png', 'default.jpg', 0);
INSERT INTO Menus (RestaurantID, ItemName, Category, Description, Price, ImagePNG, ImageJPG, Rating) VALUES (4, 'Buffalo Chicken Slider', 'other', 'surprising other', 472.0, 'default.png', 'default.jpg', 0);
INSERT INTO Menus (RestaurantID, ItemName, Category, Description, Price, ImagePNG, ImageJPG, Rating) VALUES (4, 'Chicken Tender n Cheese Slider', 'other', 'delightful other', 217.0, 'default.png', 'default.jpg', 0);
INSERT INTO Menus (RestaurantID, ItemName, Category, Description, Price, ImagePNG, ImageJPG, Rating) VALUES (4, 'Corned Beef n Cheese Slider', 'other', 'surprising other', 412.0, 'default.png', 'default.jpg', 0);
INSERT INTO Menus (RestaurantID, ItemName, Category, Description, Price, ImagePNG, ImageJPG, Rating) VALUES (4, 'Ham n Cheese Slider', 'other', 'innovative other', 83.0, 'default.png', 'default.jpg', 0);
INSERT INTO Menus (RestaurantID, ItemName, Category, Description, Price, ImagePNG, ImageJPG, Rating) VALUES (4, 'Jalapeno Roast Beef n Cheese Slider', 'other', 'unique other', 402.0, 'default.png', 'default.jpg', 0);
INSERT INTO Menus (RestaurantID, ItemName, Category, Description, Price, ImagePNG, ImageJPG, Rating) VALUES (4, 'Pizza Slider', 'Pizza', 'topped pizza', 198.0, 'pizza.png', 'pizza.jpg', 0);
INSERT INTO Menus (RestaurantID, ItemName, Category, Description, Price, ImagePNG, ImageJPG, Rating) VALUES (4, 'Roast Beef n Cheese Slider', 'other', 'delightful other', 348.0, 'default.png', 'default.jpg', 0);
INSERT INTO Menus (RestaurantID, ItemName, Category, Description, Price, ImagePNG, ImageJPG, Rating) VALUES (4, 'Turkey n Cheese Slider', 'other', 'exciting other', 384.0, 'default.png', 'default.jpg', 0);
INSERT INTO Menus (RestaurantID, ItemName, Category, Description, Price, ImagePNG, ImageJPG, Rating) VALUES (4, 'Chopped Side Salad', 'other', 'delightful other', 381.0, 'default.png', 'default.jpg', 0);
INSERT INTO Menus (RestaurantID, ItemName, Category, Description, Price, ImagePNG, ImageJPG, Rating) VALUES (4, 'Crispy Chicken Farmhouse Salad', 'other', 'delightful other', 116.0, 'default.png', 'default.jpg', 0);
INSERT INTO Menus (RestaurantID, ItemName, Category, Description, Price, ImagePNG, ImageJPG, Rating) VALUES (4, 'Greek Gyro Salad', 'other', 'delightful other', 361.0, 'default.png', 'default.jpg', 0);
INSERT INTO Menus (RestaurantID, ItemName, Category, Description, Price, ImagePNG, ImageJPG, Rating) VALUES (4, 'Roast Turkey Farmhouse Salad', 'other', 'unique other', 227.0, 'default.png', 'default.jpg', 0);
INSERT INTO Menus (RestaurantID, ItemName, Category, Description, Price, ImagePNG, ImageJPG, Rating) VALUES (4, 'Super Greek Salad', 'other', 'delightful other', 53.0, 'default.png', 'default.jpg', 0);
INSERT INTO Menus (RestaurantID, ItemName, Category, Description, Price, ImagePNG, ImageJPG, Rating) VALUES (5, 'American Brewhouse King', 'other', 'exciting other', 121.0, 'default.png', 'default.jpg', 0);
INSERT INTO Menus (RestaurantID, ItemName, Category, Description, Price, ImagePNG, ImageJPG, Rating) VALUES (5, 'Bacon & Swiss Sourdough King', 'other', 'delightful other', 159.0, 'default.png', 'default.jpg', 0);
INSERT INTO Menus (RestaurantID, ItemName, Category, Description, Price, ImagePNG, ImageJPG, Rating) VALUES (5, 'Bacon Cheeseburger', 'Burger', 'juicy burger', 64.0, 'burger.png', 'burger.jpg', 0);
INSERT INTO Menus (RestaurantID, ItemName, Category, Description, Price, ImagePNG, ImageJPG, Rating) VALUES (5, 'Bacon Cheeseburger Deluxe', 'Burger', 'mouthwatering burger', 218.0, 'burger.png', 'burger.jpg', 0);
INSERT INTO Menus (RestaurantID, ItemName, Category, Description, Price, ImagePNG, ImageJPG, Rating) VALUES (5, 'Bacon King', 'other', 'innovative other', 247.0, 'default.png', 'default.jpg', 0);
INSERT INTO Menus (RestaurantID, ItemName, Category, Description, Price, ImagePNG, ImageJPG, Rating) VALUES (5, 'Bacon King Jr', 'other', 'exciting other', 440.0, 'default.png', 'default.jpg', 0);
INSERT INTO Menus (RestaurantID, ItemName, Category, Description, Price, ImagePNG, ImageJPG, Rating) VALUES (5, 'BBQ Bacon King', 'other', 'exciting other', 368.0, 'default.png', 'default.jpg', 0);
INSERT INTO Menus (RestaurantID, ItemName, Category, Description, Price, ImagePNG, ImageJPG, Rating) VALUES (5, 'Cheeseburger', 'Burger', 'mouthwatering burger', 324.0, 'burger.png', 'burger.jpg', 0);
INSERT INTO Menus (RestaurantID, ItemName, Category, Description, Price, ImagePNG, ImageJPG, Rating) VALUES (5, 'Double Bacon Cheeseburger', 'Burger', 'juicy burger', 192.0, 'burger.png', 'burger.jpg', 0);
INSERT INTO Menus (RestaurantID, ItemName, Category, Description, Price, ImagePNG, ImageJPG, Rating) VALUES (5, 'Double Cheeseburger', 'Burger', 'hearty burger', 349.0, 'burger.png', 'burger.jpg', 0);
INSERT INTO Menus (RestaurantID, ItemName, Category, Description, Price, ImagePNG, ImageJPG, Rating) VALUES (5, 'Double Hamburger', 'Burger', 'juicy burger', 345.0, 'burger.png', 'burger.jpg', 0);
INSERT INTO Menus (RestaurantID, ItemName, Category, Description, Price, ImagePNG, ImageJPG, Rating) VALUES (5, 'Double Quarter Pound King', 'other', 'delightful other', 65.0, 'default.png', 'default.jpg', 0);
INSERT INTO Menus (RestaurantID, ItemName, Category, Description, Price, ImagePNG, ImageJPG, Rating) VALUES (5, 'Extra Long Cheeseburger', 'Burger', 'mouthwatering burger', 467.0, 'burger.png', 'burger.jpg', 0);
INSERT INTO Menus (RestaurantID, ItemName, Category, Description, Price, ImagePNG, ImageJPG, Rating) VALUES (5, 'Farmhouse King', 'other', 'innovative other', 486.0, 'default.png', 'default.jpg', 0);
INSERT INTO Menus (RestaurantID, ItemName, Category, Description, Price, ImagePNG, ImageJPG, Rating) VALUES (5, 'Hamburger', 'Burger', 'hearty burger', 396.0, 'burger.png', 'burger.jpg', 0);
INSERT INTO Menus (RestaurantID, ItemName, Category, Description, Price, ImagePNG, ImageJPG, Rating) VALUES (5, 'Homestyle Cheeseburger', 'Burger', 'cheesy burger', 148.0, 'burger.png', 'burger.jpg', 0);
INSERT INTO Menus (RestaurantID, ItemName, Category, Description, Price, ImagePNG, ImageJPG, Rating) VALUES (5, 'Jalapeno King Sandwich', 'Sandwich', 'tasty sandwich', 112.0, 'sandwich.png', 'sandwich.jpg', 0);
INSERT INTO Menus (RestaurantID, ItemName, Category, Description, Price, ImagePNG, ImageJPG, Rating) VALUES (5, 'Mushroom & Swiss King', 'other', 'surprising other', 362.0, 'default.png', 'default.jpg', 0);
INSERT INTO Menus (RestaurantID, ItemName, Category, Description, Price, ImagePNG, ImageJPG, Rating) VALUES (5, 'Rodeo Burger', 'Burger', 'cheesy burger', 319.0, 'burger.png', 'burger.jpg', 0);
INSERT INTO Menus (RestaurantID, ItemName, Category, Description, Price, ImagePNG, ImageJPG, Rating) VALUES (5, 'Rodeo King', 'other', 'unique other', 443.0, 'default.png', 'default.jpg', 0);
INSERT INTO Menus (RestaurantID, ItemName, Category, Description, Price, ImagePNG, ImageJPG, Rating) VALUES (5, 'Sourdough King Single', 'other', 'surprising other', 252.0, 'default.png', 'default.jpg', 0);
INSERT INTO Menus (RestaurantID, ItemName, Category, Description, Price, ImagePNG, ImageJPG, Rating) VALUES (5, 'Sourdough King Double', 'other', 'delightful other', 275.0, 'default.png', 'default.jpg', 0);
INSERT INTO Menus (RestaurantID, ItemName, Category, Description, Price, ImagePNG, ImageJPG, Rating) VALUES (5, 'Steakhouse King', 'Steak', 'tender steak', 212.0, 'steak.png', 'steak.jpg', 0);
INSERT INTO Menus (RestaurantID, ItemName, Category, Description, Price, ImagePNG, ImageJPG, Rating) VALUES (5, 'Bacon & Cheese Whopper', 'other', 'surprising other', 140.0, 'default.png', 'default.jpg', 0);
INSERT INTO Menus (RestaurantID, ItemName, Category, Description, Price, ImagePNG, ImageJPG, Rating) VALUES (5, 'DOUBLE WHOPPER w/o Cheese', 'other', 'innovative other', 442.0, 'default.png', 'default.jpg', 0);
INSERT INTO Menus (RestaurantID, ItemName, Category, Description, Price, ImagePNG, ImageJPG, Rating) VALUES (5, 'DOUBLE WHOPPER w/ Cheese', 'other', 'delightful other', 337.0, 'default.png', 'default.jpg', 0);
INSERT INTO Menus (RestaurantID, ItemName, Category, Description, Price, ImagePNG, ImageJPG, Rating) VALUES (5, 'WHOPPER w/o Cheese', 'other', 'delightful other', 387.0, 'default.png', 'default.jpg', 0);
INSERT INTO Menus (RestaurantID, ItemName, Category, Description, Price, ImagePNG, ImageJPG, Rating) VALUES (5, 'WHOPPER w/ Cheese', 'other', 'exciting other', 161.0, 'default.png', 'default.jpg', 0);
INSERT INTO Menus (RestaurantID, ItemName, Category, Description, Price, ImagePNG, ImageJPG, Rating) VALUES (5, 'WHOPPER JR. w/o Cheese', 'other', 'delightful other', 341.0, 'default.png', 'default.jpg', 0);
INSERT INTO Menus (RestaurantID, ItemName, Category, Description, Price, ImagePNG, ImageJPG, Rating) VALUES (5, 'WHOPPER JR. w/ Cheese', 'other', 'surprising other', 54.0, 'default.png', 'default.jpg', 0);
INSERT INTO Menus (RestaurantID, ItemName, Category, Description, Price, ImagePNG, ImageJPG, Rating) VALUES (5, 'Bacon Cheddar Ranch Chicken Salad w/ grilled Chicken & Dressing', 'other', 'delightful other', 69.0, 'default.png', 'default.jpg', 0);
INSERT INTO Menus (RestaurantID, ItemName, Category, Description, Price, ImagePNG, ImageJPG, Rating) VALUES (5, 'Bacon Cheddar Ranch Chicken Salad w/ crispy Chicken & Dressing', 'other', 'surprising other', 290.0, 'default.png', 'default.jpg', 0);
INSERT INTO Menus (RestaurantID, ItemName, Category, Description, Price, ImagePNG, ImageJPG, Rating) VALUES (5, 'Chicken BLT Salad w/ Grilled Chicken', 'other', 'delightful other', 184.0, 'default.png', 'default.jpg', 0);
INSERT INTO Menus (RestaurantID, ItemName, Category, Description, Price, ImagePNG, ImageJPG, Rating) VALUES (5, 'Chicken BLT Salad w/ Crispy Chicken', 'other', 'surprising other', 338.0, 'default.png', 'default.jpg', 0);
INSERT INTO Menus (RestaurantID, ItemName, Category, Description, Price, ImagePNG, ImageJPG, Rating) VALUES (5, 'Chicken Caesar Salad w/ Grilled Chicken', 'other', 'innovative other', 484.0, 'default.png', 'default.jpg', 0);
INSERT INTO Menus (RestaurantID, ItemName, Category, Description, Price, ImagePNG, ImageJPG, Rating) VALUES (5, 'Chicken Caesar Salad w/ Crispy Chicken', 'other', 'exciting other', 156.0, 'default.png', 'default.jpg', 0);
INSERT INTO Menus (RestaurantID, ItemName, Category, Description, Price, ImagePNG, ImageJPG, Rating) VALUES (5, 'Chicken, Apple & Cranberry Salad w/ Grilled Chicken', 'other', 'innovative other', 451.0, 'default.png', 'default.jpg', 0);
INSERT INTO Menus (RestaurantID, ItemName, Category, Description, Price, ImagePNG, ImageJPG, Rating) VALUES (5, 'Chicken, Apple & Cranberry Salad w/ Crispy Chicken', 'other', 'delightful other', 418.0, 'default.png', 'default.jpg', 0);
INSERT INTO Menus (RestaurantID, ItemName, Category, Description, Price, ImagePNG, ImageJPG, Rating) VALUES (5, 'Garden Grilled Chicken Salad w/ Grilled Chicken, no dressing', 'other', 'exciting other', 402.0, 'default.png', 'default.jpg', 0);
INSERT INTO Menus (RestaurantID, ItemName, Category, Description, Price, ImagePNG, ImageJPG, Rating) VALUES (5, 'Garden Grilled Chicken Salad w/ Crispy Chicken, no dressing', 'other', 'delightful other', 441.0, 'default.png', 'default.jpg', 0);
INSERT INTO Menus (RestaurantID, ItemName, Category, Description, Price, ImagePNG, ImageJPG, Rating) VALUES (5, 'Side Caesar Salad with dressing', 'other', 'surprising other', 83.0, 'default.png', 'default.jpg', 0);
INSERT INTO Menus (RestaurantID, ItemName, Category, Description, Price, ImagePNG, ImageJPG, Rating) VALUES (5, 'Side Garden Salad and Avocado Ranch Dressing', 'other', 'innovative other', 133.0, 'default.png', 'default.jpg', 0);
INSERT INTO Menus (RestaurantID, ItemName, Category, Description, Price, ImagePNG, ImageJPG, Rating) VALUES (5, 'Bacon Cheddar Ranch Crispy Chicken Sandwich', 'Sandwich', 'fresh sandwich', 59.0, 'sandwich.png', 'sandwich.jpg', 0);
INSERT INTO Menus (RestaurantID, ItemName, Category, Description, Price, ImagePNG, ImageJPG, Rating) VALUES (5, 'BBQ Bacon Crispy Chicken Sandwich', 'Sandwich', 'delicious sandwich', 62.0, 'sandwich.png', 'sandwich.jpg', 0);
INSERT INTO Menus (RestaurantID, ItemName, Category, Description, Price, ImagePNG, ImageJPG, Rating) VALUES (5, 'Big Fish Sandwich', 'Sandwich', 'delicious sandwich', 286.0, 'sandwich.png', 'sandwich.jpg', 0);
INSERT INTO Menus (RestaurantID, ItemName, Category, Description, Price, ImagePNG, ImageJPG, Rating) VALUES (5, 'BK VEGGIE Burger', 'Burger', 'juicy burger', 330.0, 'burger.png', 'burger.jpg', 0);
INSERT INTO Menus (RestaurantID, ItemName, Category, Description, Price, ImagePNG, ImageJPG, Rating) VALUES (5, 'Chicken Burger', 'Burger', 'cheesy burger', 470.0, 'burger.png', 'burger.jpg', 0);
INSERT INTO Menus (RestaurantID, ItemName, Category, Description, Price, ImagePNG, ImageJPG, Rating) VALUES (5, 'Chicken Cordon Bleu Sandwich', 'Sandwich', 'tasty sandwich', 154.0, 'sandwich.png', 'sandwich.jpg', 0);
INSERT INTO Menus (RestaurantID, ItemName, Category, Description, Price, ImagePNG, ImageJPG, Rating) VALUES (5, 'Chicken Fries', 'other', 'unique other', 100.0, 'default.png', 'default.jpg', 0);
INSERT INTO Menus (RestaurantID, ItemName, Category, Description, Price, ImagePNG, ImageJPG, Rating) VALUES (5, '4 Piece Chicken Nuggets', 'Nuggets', 'dippable nuggets', 363.0, 'default.png', 'default.jpg', 0);
INSERT INTO Menus (RestaurantID, ItemName, Category, Description, Price, ImagePNG, ImageJPG, Rating) VALUES (5, '6 Piece Chicken Nuggets', 'Nuggets', 'dippable nuggets', 393.0, 'default.png', 'default.jpg', 0);
INSERT INTO Menus (RestaurantID, ItemName, Category, Description, Price, ImagePNG, ImageJPG, Rating) VALUES (5, '20 Piece Chicken Nuggets', 'Nuggets', 'golden nuggets', 252.0, 'default.png', 'default.jpg', 0);
INSERT INTO Menus (RestaurantID, ItemName, Category, Description, Price, ImagePNG, ImageJPG, Rating) VALUES (5, 'Chicken Nuggets (10pc)', 'Nuggets', 'crispy nuggets', 434.0, 'default.png', 'default.jpg', 0);
INSERT INTO Menus (RestaurantID, ItemName, Category, Description, Price, ImagePNG, ImageJPG, Rating) VALUES (5, 'Chicken Parmesan Sandwich', 'Sandwich', 'satisfying sandwich', 164.0, 'sandwich.png', 'sandwich.jpg', 0);
INSERT INTO Menus (RestaurantID, ItemName, Category, Description, Price, ImagePNG, ImageJPG, Rating) VALUES (5, 'Crispy Buffalo Chicken Melt', 'other', 'unique other', 297.0, 'default.png', 'default.jpg', 0);
INSERT INTO Menus (RestaurantID, ItemName, Category, Description, Price, ImagePNG, ImageJPG, Rating) VALUES (5, 'Crispy Chicken Jr.', 'other', 'surprising other', 96.0, 'default.png', 'default.jpg', 0);
INSERT INTO Menus (RestaurantID, ItemName, Category, Description, Price, ImagePNG, ImageJPG, Rating) VALUES (5, 'Crispy Chicken Sandwich', 'Sandwich', 'delicious sandwich', 344.0, 'sandwich.png', 'sandwich.jpg', 0);
INSERT INTO Menus (RestaurantID, ItemName, Category, Description, Price, ImagePNG, ImageJPG, Rating) VALUES (5, 'Grilled Chicken Sandwich', 'Sandwich', 'tasty sandwich', 62.0, 'sandwich.png', 'sandwich.jpg', 0);
INSERT INTO Menus (RestaurantID, ItemName, Category, Description, Price, ImagePNG, ImageJPG, Rating) VALUES (5, 'Grilled Chili Cheese Dog', 'other', 'surprising other', 251.0, 'default.png', 'default.jpg', 0);
INSERT INTO Menus (RestaurantID, ItemName, Category, Description, Price, ImagePNG, ImageJPG, Rating) VALUES (5, 'Grilled Hot Dog', 'Hot Dog', 'relished hot dog', 241.0, 'hot dog.png', 'hot dog.jpg', 0);
INSERT INTO Menus (RestaurantID, ItemName, Category, Description, Price, ImagePNG, ImageJPG, Rating) VALUES (5, 'Jalapeno Chicken Fries', 'other', 'unique other', 401.0, 'default.png', 'default.jpg', 0);
INSERT INTO Menus (RestaurantID, ItemName, Category, Description, Price, ImagePNG, ImageJPG, Rating) VALUES (5, 'Original Chicken Sandwich', 'Sandwich', 'fresh sandwich', 482.0, 'sandwich.png', 'sandwich.jpg', 0);
INSERT INTO Menus (RestaurantID, ItemName, Category, Description, Price, ImagePNG, ImageJPG, Rating) VALUES (5, 'Pretzel Chicken Fries', 'other', 'unique other', 281.0, 'default.png', 'default.jpg', 0);
INSERT INTO Menus (RestaurantID, ItemName, Category, Description, Price, ImagePNG, ImageJPG, Rating) VALUES (5, 'Rodeo Crispy Chicken Sandwich', 'Sandwich', 'fresh sandwich', 396.0, 'sandwich.png', 'sandwich.jpg', 0);
INSERT INTO Menus (RestaurantID, ItemName, Category, Description, Price, ImagePNG, ImageJPG, Rating) VALUES (5, 'Sourdough Chicken Club', 'other', 'surprising other', 424.0, 'default.png', 'default.jpg', 0);
INSERT INTO Menus (RestaurantID, ItemName, Category, Description, Price, ImagePNG, ImageJPG, Rating) VALUES (5, '4 Piece Spicy Chicken Nuggets', 'Nuggets', 'crispy nuggets', 239.0, 'default.png', 'default.jpg', 0);
INSERT INTO Menus (RestaurantID, ItemName, Category, Description, Price, ImagePNG, ImageJPG, Rating) VALUES (5, 'Spicy Chicken Nuggets', 'Nuggets', 'golden nuggets', 223.0, 'default.png', 'default.jpg', 0);
INSERT INTO Menus (RestaurantID, ItemName, Category, Description, Price, ImagePNG, ImageJPG, Rating) VALUES (5, 'Spicy Crispy Chicken Jr.', 'other', 'delightful other', 236.0, 'default.png', 'default.jpg', 0);
INSERT INTO Menus (RestaurantID, ItemName, Category, Description, Price, ImagePNG, ImageJPG, Rating) VALUES (5, 'Spicy Crispy Chicken Sandwich', 'Sandwich', 'fresh sandwich', 398.0, 'sandwich.png', 'sandwich.jpg', 0);
INSERT INTO Menus (RestaurantID, ItemName, Category, Description, Price, ImagePNG, ImageJPG, Rating) VALUES (5, 'Spicy Crispy Jalapeno Chicken Sandwich', 'Sandwich', 'grilled sandwich', 405.0, 'sandwich.png', 'sandwich.jpg', 0);
INSERT INTO Menus (RestaurantID, ItemName, Category, Description, Price, ImagePNG, ImageJPG, Rating) VALUES (5, '1/2 lb. FlameThrower® GrillBurger', 'Burger', 'cheesy burger', 269.0, 'burger.png', 'burger.jpg', 0);






-- Promotion names must be unique (add to cart in discounts tab works on unique promotion name)
insert into Promotions values (1,'Discount 1',5,'discription1 discription1',15,'2024-04-12','2024-05-17');
insert into Promotions values (2,'Discount 2',4,'discription2 discription2',10,'2024-04-12','2024-05-17');
insert into Promotions values (3,'Discount 3',3,'discription3 discription3',25,'2024-04-12','2024-05-17');
insert into Promotions values (4,'Discount 4',2,'discription4 discription4',50,'2024-04-12','2024-05-17');
insert into Promotions values (5,'Discount 5',20,'discription5 discription5',20,'2024-04-12','2024-05-17');
insert into Promotions values (6,'Discount 6',22,'discription6 discription6',13,'2024-04-12','2024-05-17');